method,native_cine_macroF1,native_cine_balAcc,native_frame_acc,frag_per_min,share_fragmented,boundaryF1@0.5s,falseSplit_same_none,falseSplit_same_edit,missed_diff_none,missed_diff_edit,tau@5%,coverage@5%,risk@5%
b0,0.9565852475536284,0.9623593073593073,0.9506095856537725,23.13616507134543,0.3075,0.498960498960499,0.03333333333333333,0.13333333333333333,0.0,0.0,0.46078233420848846,0.9672793763834088,0.006765495970550194
b4,0.9558064297417268,0.9489960268042461,0.976842195798482,1.0072749472392504,0.0375,0.9917355371900827,0.0,0.016666666666666666,0.0,0.0,0.8021162748336792,1.0,0.008083918775863728
b5,0.9593665099202857,0.9507750696791792,0.9798524953232847,0.8022581143660529,0.03,0.9795918367346939,0.0,0.016666666666666666,0.0,0.0,0.5638399958610535,0.9995188143585796,0.006739842095128057
b6,0.9598078786484583,0.959090909090909,0.9805405637860967,0.5137810031628789,0.02875,0.9626556016597511,0.0,0.0,0.03333333333333333,0.03333333333333333,0.23962104320526123,0.9955730920989317,0.028226196230062832
b7,0.9719364414178454,0.97495670995671,0.9785193626765863,0.7221715558995663,0.03875,0.9754098360655739,0.0,0.0,0.016666666666666666,0.0,0.03660472854971886,0.9923972668655567,0.024922420480993017
b8,0.944655405175852,0.9259265848306943,0.9550820306620509,19.258243106817517,0.3125,0.507399577167019,0.1,0.11666666666666667,0.0,0.0,0.18396060764789582,0.9737272639784429,0.006523028266455821
vit_frame,0.9350330325045059,0.9290909090909091,0.9527597996000602,25.383870471422647,0.32375,0.486815415821501,0.13333333333333333,0.11666666666666667,0.0,0.0,0.686808955669403,0.9725724184390337,0.0037601424896101326
vivit_fe,0.9301293892418846,0.9454329004329004,0.962736792310835,1.3655579122301384,0.06625,0.579185520361991,0.0,0.0,0.55,0.38333333333333336,0.9756776094436646,0.7256279472620537,0.034217506631299736
vivit_fe@s1,0.9409926792658249,0.9423593073593073,0.9705205667963962,0.8609882284163283,0.04375,0.7829787234042553,0.0,0.016666666666666666,0.26666666666666666,0.2,0.6152695417404175,0.9245500914252719,0.04392630373685854
vivit_fe@s2,0.9288497133624641,0.9158225108225109,0.9732728406476444,0.7476343681365805,0.0375,0.6923076923076923,0.0,0.0,0.36666666666666664,0.2833333333333333,0.8520577549934387,0.8312000769897027,0.047354405464860486
vivit_fe_mix,0.9317257629963839,0.941528316432426,0.9600920291569011,1.4516485400335564,0.07625,0.5764192139737991,0.0,0.0,0.45,0.45,0.6875095367431641,0.7237994418246559,0.0469352479723441
vivit_fe_centre,0.9177537465918515,0.9501818181818182,0.9552540477777539,1.2023871440735054,0.06625,0.9752066115702478,0.0,0.0,0.016666666666666666,0.016666666666666666,0.0013972539454698563,1.0,0.03810990280050043
mvit_k400,0.9510034456455984,0.9597619047619048,0.9724557593480552,1.5616450674232476,0.06625,0.7319148936170212,0.0,0.0,0.21666666666666667,0.35,0.9898064732551575,0.6961793860071216,0.03372961017417749
mvit_k400@s1,0.954020903420853,0.9634458874458873,0.9601350334358268,2.0387888210914307,0.0975,0.7611336032388665,0.016666666666666666,0.0,0.23333333333333334,0.2,0.9937907457351685,0.7161967086902127,0.04541789841440473
mvit_echoprime,0.9447503048659897,0.9695670995670996,0.9685208678263487,1.3269861122908586,0.05875,0.7654320987654322,0.016666666666666666,0.016666666666666666,0.25,0.2,0.7934908866882324,0.8652680204022712,0.044711378044711377
mvit_echoprime@s1,0.947378605747209,0.9621645021645021,0.9735738706001247,1.1932219023989121,0.0525,0.7583333333333333,0.0,0.0,0.26666666666666666,0.21666666666666667,0.9830777049064636,0.7482436724088153,0.03897106109324759
mvit_echoprime_centre,0.9421322046597638,0.9382251082251083,0.9738964026920679,0.9297369904593947,0.0475,0.9596774193548387,0.0,0.0,0.016666666666666666,0.0,0.021109221503138542,0.9855644307573862,0.023923444976076555
mvit_echoprime_centre@s1,0.9427400314283279,0.9591168831168831,0.9565011718666008,1.5881418124477622,0.08,0.8821292775665399,0.016666666666666666,0.03333333333333333,0.03333333333333333,0.03333333333333333,0.06182185560464859,0.9725724184390337,0.04472590540273105
mvit_echoprime_centre@s2,0.9564125704246049,0.9573593073593074,0.9740039133893822,0.969378820938488,0.055,0.9714285714285714,0.0,0.0,0.016666666666666666,0.0,0.011473567225039005,0.9923972668655567,0.025116369278510475
vit_router,0.9198440097174275,0.9058225108225109,0.9741974326445482,0.8641343485000541,0.03375,0.9876543209876543,0.0,0.016666666666666666,0.0,0.0,0.8101102232933044,0.9988451544605909,0.0028904518739762985
mstcn_vitfeat,0.9269865918863923,0.9256277056277057,0.9662416410432838,1.750696922154003,0.05875,0.9596774193548387,0.0,0.0,0.0,0.016666666666666666,0.9201532363891601,0.9976903089211818,0.00655927462139481
